1,2,3
2518590642,"H.No. 73 Char Chowk,Orai,Telangana",Shan.Misha@hotmail.com
5236405135,"H.No. 996Setty Ganj,Miryalaguda,Kerala",Atwal.Azad@hotmail.com
8838064718,"H.No. 53 Savant Street,Dindigul,Arunachal Pradesh",Basu.Uthkarsh@gmail.com
3319852154,"583Sagar Zila,Begusarai,Bihar",Ravel.Prerak@yahoo.com
6531137032,"H.No. 882Mallick Marg,Kalyan-Dombivli,Maharashtra",Sani.Vanya@gmail.com
1186704863,"H.No. 24 Bobal Zila,Ramgarh,Karnataka",Ramanathan.Sumer@gmail.com
5618553966,"H.No. 67 Date Zila,Vijayawada,Karnataka",Dara.Heer@gmail.com
9103365299,"H.No. 91 Badal Road,Farrukhabad,Maharashtra",Tak.Nirvi@hotmail.com
9865793965,"H.No. 68Venkataraman Nagar,Allahabad,Mizoram",Shan.Suhana@yahoo.com
3536406066,"57/415Koshy Street,Katni,Assam",Banik.Shalv@hotmail.com
1810941127,"936 Dugar Chowk,Jalandhar,Assam",Agate.Romil@hotmail.com
2031197283,"009Gupta Ganj,Dehradun,Andhra Pradesh",Vaidya.Navya@gmail.com
1001194984,"670 Solanki Ganj,Vadodara,Andhra Pradesh",Saha.Sumer@gmail.com
2905600708,"H.No. 33 Shenoy Ganj,Secunderabad,Chhattisgarh",Konda.Samarth@hotmail.com
5785755005,"H.No. 68 Barad Road,Bhalswa Jahangir Pur,Odisha",Dhar.Advika@gmail.com
4152116130,"04/447Sibal Zila,Thrissur,Mizoram",Toor.Ishita@hotmail.com
1442456548,"H.No. 204 Venkataraman Marg,Bhagalpur,Tripura",Kalla.Yashvi@hotmail.com
7290228468,"H.No. 97Sekhon Zila,Miryalaguda,Karnataka",Barman.Yuvaan@gmail.com
7377406215,"94/13Biswas Path,Rajahmundry,Tamil Nadu",Contractor.Prisha@yahoo.com
2662046870,"H.No. 902 Bera Chowk,Jaunpur,Mizoram",Gill.Nayantara@hotmail.com
4727408364,"25/56Sarma Circle,Kulti,Telangana",Sekhon.Kashvi@gmail.com
7436000325,"79Swaminathan Chowk,Nadiad,Sikkim",Lal.Kiara@yahoo.com
9285617998,"H.No. 398 Maharaj Marg,Jamalpur,Jharkhand",Bobal.Ehsaan@gmail.com
8172469765,"734Suresh Road,Medininagar,Assam",Kant.Keya@hotmail.com
9866000589,"H.No. 69 Kadakia Street,Asansol,Telangana",Bajwa.Faiyaz@hotmail.com
4610580722,"78/81 Chaudhry Road,Arrah,Tamil Nadu",Chacko.Purab@gmail.com
7001310567,"96/13Dubey Chowk,Guna,Assam",Bhatnagar.Advik@yahoo.com
1992698786,"69 Dubey Circle,Kalyan-Dombivli,Kerala",Jain.Ishaan@gmail.com
3397371882,"98/190 Wali Zila,Pali,Bihar",Kanda.Reyansh@yahoo.com
1096537960,"673 Karpe Road,Belgaum,Bihar",Bahl.Ira@yahoo.com
1031931625,"068 Balasubramanian Nagar,Guwahati,Nagaland",Mane.Miraya@hotmail.com
7855596506,"70/46Hayre Ganj,Bihar Sharif,Tripura",Majumdar.Badal@yahoo.com
2094068282,"555 Chanda Zila,Imphal,Goa",Sachdeva.Dhanush@gmail.com
3435911089,"72/37 Shere Street,Ghaziabad,Mizoram",Kibe.Lagan@gmail.com
5407039682,"97/330 Dhar Street,Morbi,Karnataka",Kapur.Anaya@hotmail.com
3431131643,"943Varma Street,Aurangabad,Bihar",Dutt.Fateh@yahoo.com
9828492422,"H.No. 284Venkataraman Circle,Kishanganj,Tripura",Shere.Lavanya@gmail.com
7547548301,"926 Kunda Ganj,Pimpri-Chinchwad,Karnataka",Goswami.Yuvraj @gmail.com
9988261906,"H.No. 599 Das Marg,Dibrugarh,Odisha",Varkey.Dhanush@yahoo.com
1950051115,"91 Gara,Thane,Assam",Dash.Dishani@hotmail.com
8372575900,"96Saini Road,Gurgaon,Meghalaya",Handa.Biju@gmail.com
9589873385,"05/50Iyer Path,Begusarai,Uttar Pradesh",Choudhary.Aarush@yahoo.com
3574208603,"35/67 Swamy Circle,Buxar,Nagaland",Badami.Anahita@yahoo.com
5586654867,"H.No. 13Dey Street,Satara,Sikkim",Singhal.Kabir@gmail.com
3616180702,"69 Chowdhury Circle,Gangtok,Telangana",Tandon.Dharmajan@hotmail.com
8766446478,"01 Gole Chowk,Madurai,Odisha",Bath.Madhup@gmail.com
8112126816,"75/541Chatterjee Road,Jalna,West Bengal",Chacko.Rania@gmail.com
3425791477,"15/73 Reddy Chowk,Latur,Uttarakhand",Sandal.Alisha@hotmail.com
4511928318,"006Bhalla Road,Anantapur,Tripura",Sharma.Hunar@gmail.com
2481230182,"847 Bawa,Ambarnath,Uttarakhand",Badal.Bhavin@gmail.com
9972768027,"H.No. 60Sampath,Tiruchirappalli,Telangana",Goyal.Tiya@yahoo.com
9321584603,"52/20 Chawla,Allahabad,Uttarakhand",Sahota.Madhup@hotmail.com
1244992962,"63/33Saha Street,Alappuzha,Sikkim",Agarwal.Gokul@gmail.com
3595471629,"75Sagar Path,Dewas,Madhya Pradesh",Raman.Aarush@yahoo.com
8859139114,"41/34 Banerjee Ganj,Naihati,Nagaland",Batta.Krish@yahoo.com
8076404034,"55 Bora Chowk,Varanasi,Uttar Pradesh",Loke.Lagan@hotmail.com
2283539558,"84/17 Devi Chowk,Raipur,Meghalaya",Kuruvilla.Rasha@yahoo.com
5225404169,"673Sood Street,Panihati,Kerala",D’Alia.Manikya@hotmail.com
2442796145,"64 Ratta Ganj,Uluberia,Nagaland",Lall.Ryan@gmail.com
7467730334,"77Varkey Chowk,Bulandshahr,Uttarakhand",Bal.Anya@hotmail.com
7877617134,"49Ratti Street,Indore,Madhya Pradesh",Varghese.Veer@hotmail.com
1512180617,"H.No. 229Dubey Circle,Khandwa,Goa",Bora.Kiaan@hotmail.com
2684476289,"24 Walla Ganj,Anantapuram,Maharashtra",Chahal.Nishith@yahoo.com
1959980161,"H.No. 759 Ray Chowk,Uluberia,Gujarat",Sundaram.Saira@gmail.com
6153852518,"11/31 Cheema Nagar,Guwahati,Rajasthan",Kata.Madhav@hotmail.com
1447686598,"45 Bose,Uluberia,Sikkim",Dewan.Tejas@hotmail.com
9791686312,"649 Dugar Nagar,Chinsurah,Haryana",Hayer.Priyansh@gmail.com
7599603042,"82/32 Dar Path,Guntur,Tripura",Sharma.Zaina@gmail.com
9901334882,"08/85 Amble Circle,Kadapa,Telangana",Krishna.Alia@yahoo.com
4140299459,"H.No. 63Arya Circle,Eluru,Andhra Pradesh",Vohra.Dhanuk@gmail.com
8189361565,"63/921Kata Ganj,Unnao,Jharkhand",Kunda.Farhan@hotmail.com
1371411985,"H.No. 620Goda Zila,Navi Mumbai,Meghalaya",Borra.Ranbir@yahoo.com
7677018285,"46/82 Badal Ganj,Thoothukudi,Arunachal Pradesh",Anand.Dhanuk@yahoo.com
4571415444,"10Batta Zila,Navi Mumbai,Uttar Pradesh",Dugar.Shalv@hotmail.com
1837547964,"951 Dani,Rajpur Sonarpur,Arunachal Pradesh",Manne.Purab@yahoo.com
7415294495,"H.No. 51 Karnik Chowk,Unnao,Nagaland",Shanker.Rasha@hotmail.com
6242046090,"19/02 Dutta Road,Dindigul,Gujarat",Dyal.Lakshit@yahoo.com
7805598163,"H.No. 572Dua Chowk,Amritsar,Tamil Nadu",Bhatnagar.Dhanuk@gmail.com
3688195553,"72/75 Gill Street,Kottayam,Punjab",Varughese.Indranil@hotmail.com
4071350558,"H.No. 90Devan,Haridwar,Uttar Pradesh",Borde.Ivan@yahoo.com
8211327230,"03/877Bhavsar Road,Bharatpur,Assam",Ganesan.Ehsaan@gmail.com
6790471669,"506Swamy Ganj,Ichalkaranji,Manipur",Sangha.Taimur@gmail.com
6944034017,"74Dua Zila,Mehsana,Uttar Pradesh",Bera.Stuvan@yahoo.com
3069903681,"09Lata Road,Dehradun,Odisha",Kamdar.Rania@hotmail.com
7812714300,"32/93Chand Road,Dehri,Odisha",Andra.Eva@hotmail.com
3970237454,"02 Sami,Kollam,Karnataka",Lala.Sumer@yahoo.com
3190185799,"H.No. 776Roy Circle,Hosur,Sikkim",Raman.Miraya@gmail.com
1490738500,"34De Nagar,Vijayawada,Odisha",Badami.Inaaya @yahoo.com
8188213207,"H.No. 62 Sachar Circle,Hubli–Dharwad,Arunachal Pradesh",Yogi.Adira@gmail.com
9735722419,"17/816Balakrishnan Nagar,Vasai-Virar,Mizoram",Batta.Ishaan@yahoo.com
1904649418,"01/24 Uppal Circle,Vijayanagaram,Karnataka",Edwin.Yuvaan@yahoo.com
7881354624,"H.No. 197Kannan Road,Mysore,Himachal Pradesh",Kara.Taran@gmail.com
5470144374,"H.No. 44Gole,Adoni,Punjab",Bhat.Hazel@yahoo.com
4354606121,"736 Sastry Nagar,Panihati,Manipur",Dhingra.Tushar@yahoo.com
7564516547,"32 Chander Path,Medininagar,Haryana",Viswanathan.Kimaya@hotmail.com
9355171615,"784 Kibe Circle,Satna,West Bengal",Bassi.Zoya@hotmail.com
2638981935,"78/555 Trivedi Ganj,Srikakulam,Nagaland",Ghose.Mishti@yahoo.com
5232481234,"H.No. 169Buch,Bidar,Telangana",Devan.Aradhya@hotmail.com
9191472525,"14/590Barad Road,Nizamabad,Tamil Nadu",Rajan.Alisha@gmail.com
3636119416,"53/068 Garg Marg,Kolhapur,Tripura",Ben.Emir@gmail.com
1245683358,"H.No. 50 Aggarwal Zila,Raipur,Manipur",Magar.Jayan@hotmail.com
3025540908,"H.No. 248 Sahota Street,Nagpur,Uttarakhand",Kaul.Vardaniya@gmail.com
9074117909,"H.No. 78 Keer Zila,Mysore,Manipur",Loyal.Amira@gmail.com
3105082820,"93/91Gala Chowk,Kochi,Andhra Pradesh",Sengupta.Samar@yahoo.com
5489018524,"14/758Sura Marg,Dhule,Madhya Pradesh",Samra.Kimaya@yahoo.com
3298102942,"79/42 Goswami Zila,Mehsana,Karnataka",Keer.Kashvi@yahoo.com
6488149285,"742Chakraborty Nagar,Hospet,Punjab",Rau.Yuvraj @yahoo.com
3989148720,"533 Manne Street,Unnao,Himachal Pradesh",Yadav.Rati@yahoo.com
8801403890,"235 Lala,Bikaner,Arunachal Pradesh",Lal.Anay@hotmail.com
9566075634,"58/233 Chauhan Chowk,Jehanabad,Maharashtra",Viswanathan.Anika@gmail.com
6981936267,"47/77Mammen Zila,Serampore,Tripura",Sodhi.Divij@gmail.com
